{"coefficients": [134.6032234474858, 341.6061548513819, -284.3036270591049, 827.3350720775529, 546.4511263007181, -663.3598972056897, -3227.989549802709, 9458.896605952368, -1577.301015884222, -1659.54154748204, 1279.6288458190595, -26.757519810195816, 1307.3678910394706, -1232.4526543957018, -797.8430723175557], "intercept": 13238.418300653595, "r2_score": 0.7979074738080432, "mse": 14018489.697686981}